company,industry,title,location,work_model,date,url,technologies
Booking.com Israel,Technology,"Not ApplicableBusiness Security AnalystAmsterdam, Netherlands",Israel (Assumed),Not Specified,2026-07-14,https://jobs.booking.com/booking/jobs/29397?lang=en-us,N/A
CyberArk,Technology,Why Identity Security,Israel (Assumed),Not Specified,2026-07-14,https://www.cyberark.com/careers/,N/A
Noma Security,Technology,AI Security Posture Management Solution,Israel (Assumed),Not Specified,2026-07-14,https://www.noma.security/careers,N/A
Noma Security,Technology,Senior Security ResearcherTel Aviv  ·  Full-time  ·  Senior,Israel (Assumed),Not Specified,2026-07-14,https://www.noma.security/careers/noma.security/careers/co/tel-aviv/5D.A5A/senior-security-researcher/all,N/A
Salt Security,Technology,Security Solutions across the entire lifecycle,Israel (Assumed),Not Specified,2026-07-14,https://salt.security/careers,N/A
Bionic (CrowdStrike),Technology,CrowdStrike Falcon® Cloud Security,Israel (Assumed),Not Specified,2026-07-14,https://www.bionic.ai/careers,N/A
Flow Security,Technology,CrowdStrike Falcon® Data Security,Israel (Assumed),Not Specified,2026-07-14,https://www.flow.security/careers,N/A
MorphiSec,Technology,Financial security,Israel (Assumed),Not Specified,2026-07-14,https://www.morphisec.com/careers,N/A
Vulcan Cyber,Technology,Learn How Tenable Helps Achieve SLCGP Cybersecurity Plan Requirements,Israel (Assumed),Not Specified,2026-07-14,https://vulcan.io/careers/,N/A
Transmit Security,Technology,Smash Security Threats Like Pro!,Israel (Assumed),Not Specified,2026-07-14,https://www.transmitsecurity.com/careers,N/A
Devo Israel,Technology,Security Data Platform,Israel (Assumed),Not Specified,2026-07-14,https://www.devo.com/careers/,N/A
SCADAfence,Technology,Cybersecurity Services,Israel (Assumed),Not Specified,2026-07-14,https://www.scadafence.com/careers,N/A
SCADAfence,Technology,OT Cybersecurity,Israel (Assumed),Not Specified,2026-07-14,https://www.scadafence.com/careers/us/en/solutions/ot-cybersecurity,N/A
CloudLock,Technology,Why DNS Security,Israel (Assumed),Not Specified,2026-07-14,https://www.cloudlock.com/careers,N/A
Eureka Security,Technology,Prioritize remediation based on your security and compliance goals,Israel (Assumed),Not Specified,2026-07-14,https://www.eureka.security/careers,N/A
Dig Security,Technology,Read about our approach to Cloud Data Security.,Israel (Assumed),Not Specified,2026-07-14,https://www.dig.security/careers,N/A
Checkmarx,Technology,AI-Powered Security Agents — Checkmarx Assist,Israel (Assumed),Not Specified,2026-07-14,https://checkmarx.com/careers/,N/A
Intercom Israel,Technology,Safety and Security,Israel (Assumed),Not Specified,2026-07-14,https://trust.intercom.com/,N/A
Notion Israel,Technology,"AI Software Engineer, SecuritySan Francisco, California",Israel (Assumed),Not Specified,2026-07-14,https://jobs.ashbyhq.com/notion/def3f337-5593-491c-b34d-e0b53f2a5cac,N/A
Notion Israel,Technology,"Security Engineer, Detection and ResponseDublin, Ireland",Israel (Assumed),Not Specified,2026-07-14,https://jobs.ashbyhq.com/notion/06e1d3a8-2706-4ed9-9fe6-8b69607de18e,N/A
Datarails,Technology,"Senior Security EngineerTel Aviv-Yafo, Tel Aviv District, Israel",Israel (Assumed),Not Specified,2026-07-14,https://www.datarails.com/careers/4282627009/,N/A
